z,Hz_LCDM,Hz_QFED_mu_0.1
0.01,70.32048622279652,70.29622690138228
1.1110910910910912,131.410376922317,130.46737862373124
2.212182182182182,228.46226205407615,227.63394522809514
3.313273273273273,348.61642584628936,347.9467923559178
4.414364364364364,486.9372820859151,486.3896132010889
5.515455455455456,640.903305128483,640.4458215978664
6.616546546546546,808.9090497193354,808.5193842058092
7.717637637637638,989.8009388401777,989.4635379426885
8.818728728728729,1182.6898493079195,1182.3936798686482
9.91981981981982,1386.8592589846687,1386.5962933663714
11.020910910910912,1601.7137705663986,1601.4780231617074
12.122002002002002,1826.7474172496702,1826.5343253169688
13.223093093093093,2061.5227737004047,2061.3287904815256
14.324184184184185,2305.6564693948676,2305.4787900440715
15.425275275275276,2558.808739211018,2558.6451117078796
16.526366366366368,2820.6756471143203,2820.5242388779047
17.62745745745746,3090.9831502480697,3090.842452118755
18.728548548548552,3369.48247126316,3369.3512271036834
19.82963963963964,3655.946425668809,3655.8235798847777
20.930730730730733,3950.166462217051,3950.0511200428327
22.031821821821826,4251.950246022371,4251.841643054015
23.132912912912914,4561.1196617693795,4561.017140299035
24.234004004004007,4877.509146889411,4877.412137312898
25.3350950950951,5200.964287311798,5200.87229336901
26.436186186186188,5531.340624598441,5531.253211543826
27.53727727727728,5868.502635033098,5868.419420070589
28.638368368368372,6212.322849915193,6212.243494400803
29.739459459459464,6562.6810928038385,6562.6052958410555
30.840550550550553,6919.463814384186,6919.3913075263
31.941641641641645,7282.563509409044,7282.494052248334
33.04273273273273,7651.878203101997,7651.811579574807
34.14382382382382,8027.310996706852,8027.247011980619
35.244914914914915,8408.769663685936,8408.70814152243
36.34600600600601,8796.166289519704,8796.107070030326
37.4470970970971,9189.416949225442,9189.359886951239
38.54818818818819,9588.44141765664,9588.386379918677
39.64927927927928,9993.162908414073,9993.1097738901
40.75037037037037,10403.507837830966,10403.45649532245
41.85146146146146,10819.40561101578,10819.35595837577
42.952552552552554,11240.78842736884,11240.740370566324
44.053643643643646,11667.591103349961,11667.544555650575
45.15473473473474,12099.750910577135,12099.705791823413
46.25582582582582,12537.207427591402,12537.16366356852
47.356916916916916,12979.902403839124,12979.85992571433
48.45800800800801,13427.779634606322,13427.738378432108
49.5590990990991,13880.784845796552,13880.744752069118
50.66019019019019,14338.865587577944,14338.826600843815
51.761281281281285,14801.971136040478,14801.933204545147
52.86237237237237,15270.052402104135,15270.015477477495
53.96346346346346,15743.061847004852,15743.02588397895
55.064554554554554,16220.953403759919,16220.918359915137
56.16564564564565,16703.682404079842,16703.64823961618
57.26673673673674,17191.205510250606,17191.172187781187
58.36782782782783,17683.480651560094,17683.448135924304
59.468918918918924,18180.466964886404,18180.435222980606
60.57001001001001,18682.124739104296,18682.093739728058
61.6711011011011,19188.415363000167,19188.38507671644
62.77219219219219,19699.301276415965,19699.271675423686
63.873283283283286,20214.745924369385,20214.716982387232
64.97437437437438,20734.713713921356,20734.6854060815
66.07546546546547,21259.16997358291,21259.142276333758
67.17655655655656,21788.080915072605,21788.053806089694
68.27764764764765,22321.413597252496,22321.387055356652
69.37873873873875,22859.13589208571,22859.109897167844
70.47982982982984,23401.216452472327,23401.19098542423
71.58092092092093,23947.624681832578,23947.599724483127
72.68201201201202,24498.33070531722,24498.306240373524
73.78310310310312,25053.305342534994,25053.281353528026
74.88419419419421,25612.520081695944,25612.496552930254
75.9852852852853,26175.947055077668,26175.92397158484
77.08637637637639,26743.55901572872,26743.53636322419
78.18746746746747,27315.32931533018,27315.307080173214
79.28855855855856,27891.231883142613,27891.2100522991
80.38964964964966,28471.241205970793,28471.219766978644
81.49074074074075,29055.3323090841,29055.311250021074
82.59183183183184,29643.480738034654,29643.460047488363
83.69292292292293,30235.662541319773,30235.642208359714
84.79401401401402,30831.854253839043,30831.834267990504
85.89510510510512,31432.032881099785,31432.01323231945
86.99619619619621,32036.175884128083,32036.15656278123
88.0972872872873,32644.261165045355,32644.24216188455
89.1983783783784,33256.267053273245,33256.248359418336
90.29946946946949,33872.17229233218,33872.1538992516
91.40056056056058,34491.95602720114,34491.9379266943
92.50165165165166,35115.59779220832,35115.57997638917
93.60274274274275,35743.077499424624,35743.05996070616
94.70383383383384,36374.37542753319,36374.35815861283
95.80492492492493,37009.47221115035,37009.455204996324
96.90601601601603,37648.34883057487,37648.33208041327
98.00710710710712,38290.98660194345,38290.9701012461
99.10819819819821,38937.36716777221,38937.35091024523
100.2092892892893,39587.47248786493,39587.4564674379
101.3103803803804,40241.2848305699,40241.26904138569
102.41147147147149,40898.786764368546,40898.77120077368
103.51256256256258,41559.9611497797,41559.945806315256
104.61365365365367,42224.791131564656,42224.77600295766
105.71474474474475,42893.26013121853,42893.24521237383
106.81583583583584,43565.351839735005,43565.33712572755
107.91692692692693,44241.05021063131,44241.03569669885
109.01801801801803,44920.33945322189,44920.32513475806
110.11910910910912,45603.20402612951,45603.18989867728
111.22020020020021,46289.628631022904,46289.61469026834
112.3212912912913,46979.59820657106,46979.58444833742
113.4223823823824,47673.09792260476,47673.08434284689
114.52347347347349,48370.113174476,48370.099769275
115.62456456456458,49070.62957760715,49070.61634316531
116.72565565565567,49774.63296222145,49774.619894857424
117.82674674674676,50482.10936824734,50482.09646439156
118.92783783783786,51193.04504038924,51193.03229657956
120.02892892892893,51907.42642335796,51907.41383623547
121.13002002002003,52625.24015725411,52625.227723559234
122.23111111111112,53346.473073098205,53346.46078966685
123.33220220220221,54071.112188501684,54071.1000522617
124.4332932932933,54799.14470347319,54799.13271144089
125.5343843843844,55530.55799635448,55530.5461456314
126.63547547547549,56265.33961988121,56265.32790765095
127.73656656656658,57003.47729736357,57003.46572088882
128.83765765765764,57744.95891898201,57744.947475601664
129.93874874874874,58489.77253819396,58489.76122532042
131.03983983983983,59237.90636824683,59237.89518336339
132.14093093093092,59989.34877879388,59989.33771945219
133.242022022022,60744.0882926086,60744.07735642633
134.3431131131131,61502.113582394304,61502.1027670528
135.4442042042042,62263.41346768508,62263.402770927205
136.5452952952953,63027.9769118352,63027.966331463234
137.64638638638638,63795.79301909331,63795.78255296692
138.74747747747747,64566.85103175882,64566.84067779314
139.84856856856857,65341.140327417124,65341.13008358091
140.94965965965966,66118.65041625126,66118.6402805651
142.05075075075075,66899.37093842698,66899.3609089616
143.15184184184184,67683.29166154895,67683.28173642358
144.25293293293294,68470.4024781855,68470.39265556629
145.35402402402403,69260.69340345943,69260.68368155799
146.45511511511512,70054.15457270305,70054.14494977491
147.5562062062062,70850.77623917471,70850.76671351804
148.6572972972973,71650.5487718353,71650.53934178945
149.7583883883884,72453.46265318227,72453.45331712661
150.8594794794795,73259.50847713971,73259.4992334923
151.96057057057058,74068.67694700214,74068.66779421856
153.06166166166167,74880.95887343088,74880.9498100031
154.16275275275277,75696.3451725006,75696.33619695586
155.26384384384383,76514.82686379505,76514.81797469482
156.36493493493492,77336.39506855016,77336.38626448906
157.46602602602601,78161.04100784272,78161.03228744763
158.5671171171171,78988.7560008239,78988.7473627529
159.6682082082082,79819.53146299538,79819.52290593694
160.7692992992993,80653.35890452763,80653.35042719962
161.87039039039038,81490.22992861812,81490.22152976705
162.97148148148148,82330.13622988913,82330.12790828926
164.07257257257257,83173.06959282332,83173.06134727593
165.17366366366366,84019.02189023615,84019.01371956871
166.27475475475475,84867.98508178422,84867.9769848497
167.37584584584584,85719.951212508,85719.94318818412
168.47693693693694,86574.91241140846,86574.90445859703
169.57802802802803,87432.86089005621,87432.85300768245
170.67911911911912,88293.78894123246,88293.78112824437
171.7802102102102,89157.68893760061,89157.68119296835
172.8813013013013,90024.55333040791,90024.54565312313
173.9823923923924,90894.374648216,90894.3670372914
175.0834834834835,91767.14549565977,91767.1379501284
176.18457457457458,92642.85855223368,92642.85107114843
177.28566566566568,93521.50657110443,93521.49915353759
178.38675675675677,94403.08237795004,94403.07502299268
179.48784784784786,95287.57886982358,95287.57157658513
180.58893893893895,96174.98901404173,96174.98178164945
181.69003003003004,97065.30584709696,97065.29867469553
182.79112112112114,97958.52247359307,97958.51536034413
183.8922122122122,98854.63206520301,98854.62501028468
184.9933033033033,99753.62785964897,99753.6208622555
186.09439439439439,100655.50315970334,100655.49621904464
187.19548548548548,101560.25133221087,101560.24444751217
188.29657657657657,102467.8658071309,102467.85897763235
189.39766766766766,103378.34007659915,103378.33330155545
190.49875875875875,104291.66769400892,104291.66097268891
191.59984984984985,105207.84227311076,105207.83560479716
192.70094094094094,106126.85748713047,106126.85087111952
193.80203203203203,107048.70706790472,107048.70050350578
194.90312312312312,107973.38480503397,107973.37829156929
196.00421421421422,108900.88454505237,108900.87808185672
197.1053053053053,109831.2001906137,109831.19377703412
198.2063963963964,110764.32569969376,110764.31933508923
199.3074874874875,111700.25508480796,111700.24876854912
200.40857857857858,112638.9824122443,112638.97614371327
201.50966966966968,113580.5018013113,113580.49557990125
202.61076076076077,114524.80742360004,114524.80124871503
203.71185185185186,115471.89350226059,115471.88737331533
204.81294294294295,116421.7543112922,116421.74822771178
205.91403403403405,117374.38417484668,117374.37813606631
207.01512512512514,118329.77746654523,118329.77147201005
208.11621621621623,119287.92860880781,119287.92265797264
209.21730730730732,120248.83207219499,120248.82616452409
210.31839839839841,121212.48237476218,121212.47650972914
211.41948948948948,122178.87408142569,122178.86825851306
212.52058058058057,123148.00180334026,123147.9960220395
213.62167167167166,124119.86019728814,124119.85445709938
214.72276276276276,125094.44396507922,125094.43826551101
215.82385385385385,126071.74785296187,126071.74219353106
216.92494494494494,127051.76665104448,127051.76103127604
218.02603603603603,128034.49519272741,128034.4896121542
219.12712712712712,129019.92835414481,129019.92281230746
220.22821821821822,130008.06105361652,130008.05555006325
221.3293093093093,130998.88825110965,130998.8827853961
222.4304004004004,131992.40494770932,131992.3995193984
223.5314914914915,132988.60618509896,132988.6007937607
224.6325825825826,133987.4870450495,133987.48169026093
225.73367367367368,134989.04264891724,134989.0373302622
226.83476476476477,135993.2681571507,135993.26287421968
227.93585585585586,137000.15876880547,137000.1535211955
229.03694694694695,138009.7097210677,138009.7045083822
230.13803803803805,139021.9162887853,139021.911110634
231.23912912912914,140036.77378400756,140036.76864000637
232.34022022022023,141054.27755553197,141054.27244530275
233.44131131131132,142074.42298845886,142074.41791162943
234.54240240240242,143097.20550375342,143097.20045995736
235.6434934934935,144122.62055781507,144122.6155466916
236.7445845845846,145150.6636420536,145150.65866324757
237.8456756756757,146181.33028247283,146181.3253356344
238.94676676676679,147214.61603926035,147214.61112404513
240.04785785785785,148250.51650638445,148250.51162245325
241.14894894894894,149289.02731119763,149289.02245821632
242.25004004004003,150330.14411404586,150330.1392916855
243.35113113113113,151373.8626078849,151373.85781582133
244.45222222222222,152420.17851790224,152420.1737558162
245.5533133133133,153469.08760114512,153469.08286872206
246.6544044044044,154520.58564615462,154520.5809430847
247.7554954954955,155574.66847260532,155574.66379858318
248.8565865865866,156631.33193095072,156631.32728567554
249.95767767767768,157690.57190207415,157690.56728524945
251.05876876876877,158752.38429694503,158752.37970827866
252.15985985985986,159816.76505628077,159816.76049548486
253.26095095095096,160883.7101502134,160883.70561700413
254.36204204204205,161953.2155779617,161953.2110720594
255.46313313313314,163025.27736750824,163025.27288863718
256.56422422422423,164099.89157528107,164099.88712316952
257.6653153153153,165177.05428584086,165177.0498602209
258.7664064064064,166256.7616115721,166256.75721217954
259.8674974974975,167339.0096923791,167339.0053189535
260.9685885885886,168423.79469538707,168423.79034767172
262.06967967967967,169511.11281464662,169511.10849238822
263.1707707707708,170600.96027084402,170600.95597379294
264.27186186186185,171693.33331101414,171693.32903892407
265.37295295295297,172788.22820825918,172788.2239608873
266.47404404404404,173885.64126147027,173885.63703857706
267.57513513513516,174985.56879505407,174985.56459640327
268.6762262262262,176088.00715866257,176088.0029840211
269.77731731731734,177192.9527269275,177192.94857606548
270.8784084084084,178300.4018991979,178300.3977718886
271.9794994994995,179410.35109928212,179410.34699530178
273.0805905905906,180522.79677519295,180522.79269432081
274.1816816816817,181637.73539889682,181637.73134091508
275.2827727727728,182755.16346606612,182755.1594307599
276.3838638638639,183875.0774958356,183875.0734829928
277.48495495495496,184997.47403056137,184997.47003997274
278.5860460460461,186122.34963558443,186122.34566704347
279.68713713713714,187249.70089899612,187249.69695229898
280.78822822822826,188379.5244314083,188379.52050635382
281.8893193193193,189511.81686572533,189511.81296211493
282.9904104104104,190646.57485692028,190646.57097455795
284.0915015015015,191783.79508181367,191783.791220506
285.1925925925926,192923.47423885518,192923.47039841118
286.2936836836837,194065.609047909,194065.6052281401
287.39477477477476,195210.19625004096,195210.19245076104
288.4958658658659,196357.23260730985,196357.2288283351
289.59695695695694,197506.7149025604,197506.71114370934
290.69804804804807,198658.63993921998,198658.6362003135
291.79913913913913,199813.00454109733,199813.0008219584
292.90023023023025,200969.80555218447,200969.80185263845
294.0013213213213,202129.03983646058,202129.03615633494
295.10241241241243,203290.70427769976,203290.7006168241
296.2035035035035,204454.79577927958,204454.79213748555
297.3045945945946,205621.3112639937,205621.30764111513
298.4056856856857,206790.24767386596,206790.2440697386
299.5067767767768,207961.6019699676,207961.5983844293
300.60786786786787,209135.37113223594,209135.36756512657
301.708958958959,210311.5521592968,210311.54861045806
302.81005005005005,211490.1420682876,211490.1385375631
303.9111411411412,212671.137894684,212671.13438191934
305.01223223223224,213854.5366921281,213854.53319717062
306.11332332332336,215040.3355322593,215040.33205495827
307.2144144144144,216228.53150454655,216228.528044753
308.31550550550554,217419.12171612392,217419.1182736906
309.4165965965966,218612.10329162673,218612.0998664082
310.51768768768767,219807.4733730314,219807.46996488396
311.6187787787788,221005.229119496,221005.22572827755
312.71986986986985,222205.3677072033,222205.3643327734
313.820960960961,223407.88632920594,223407.8829714259
314.92205205205204,224612.78219527318,224612.77885400585
316.02314314314316,225820.05253173993,225820.04920684977
317.1242342342342,227029.69458135712,227029.69127271016
318.22532532532534,228241.70560314457,228241.70231060835
319.3264164164164,229456.08287224494,229456.07959568856
320.4275075075075,230672.82367978024,230672.8204190743
321.5285985985986,231891.92533270927,231891.92208772583
322.6296896896897,233113.38515368765,233113.38192430022
323.7307807807808,234337.20048092864,234337.19726701215
324.8318718718719,235563.36866806654,235563.36546949734
325.93296296296296,236791.88708402085,236791.8839006767
327.0340540540541,238022.753112863,238022.74994462304
328.13514514514515,239255.9641536836,239255.96100042827
329.23623623623627,240491.51762046243,240491.5144820736
330.33732732732733,241729.41094193884,241729.40781829957
331.43841841841845,242969.64156148472,242969.63845247944
332.5395095095095,244212.20693697792,244212.20384249234
333.64060060060064,245457.10454067832,245457.10146059934
334.7416916916917,246704.33185910416,246704.32879332002
335.8427827827828,247953.886392911,247953.883341311
336.9438738738739,249205.7656567706,249205.7626192455
338.044964964965,250459.9671792533,250459.9641556948
339.14605605605607,251716.48850270934,251716.48549301043
340.24714714714713,252975.32718315345,252975.3241872083
341.34823823823825,254236.48079015006,254236.4778078539
342.4493293293293,255499.94690669933,255499.94393794856
343.55042042042044,256765.7231291257,256765.72017381774
344.6515115115115,258033.80706696626,258033.80412499973
345.7526026026026,259304.19634286172,259304.19341413633
346.8536936936937,260576.88859244756,260576.88567686398
347.9547847847848,261851.8814642472,261851.87856170727
349.05587587587587,263129.1726195658,263129.1697299723
350.156966966967,264408.75973238563,264408.7568556423
351.25805805805805,265690.6404892621,265690.63762527396
352.3591491491492,266974.81258922204,266974.80973789474
353.46024024024024,268261.2737436614,268261.27090490184
354.56133133133136,269550.02167624596,269550.01884996187
355.6624224224224,270841.05412281153,270841.05130891164
356.76351351351354,272134.3688312665,272134.3660296604
357.8646046046046,273429.96356149425,273429.9607720927
358.96569569569573,274727.8360852581,274727.8333079725
360.0667867867868,276027.98418610584,276027.9814208486
361.1678778778779,277330.40565927624,277330.4029059606
362.268968968969,278635.09831160575,278635.09557014605
363.3700600600601,279942.0599614379,279942.05723174906
364.47115115115116,281251.288438531,281251.2857205289
365.5722422422423,282562.78158396954,282562.778877571
366.67333333333335,283876.53725007456,283876.53455519717
367.7744244244244,285192.55330031633,285192.5506168785
368.87551551551553,286510.82760922686,286510.8249371478
369.9766066066066,287831.35806231416,287831.35540151387
371.0776976976977,289154.1425559771,289154.1399063765
372.1787887887888,290479.178997421,290479.17635894153
373.2798798798799,291806.4653045744,291806.46267713845
374.38097097097096,293135.9994060065,293135.9967895373
375.4820620620621,294467.7792408458,294467.77663526725
376.58315315315315,295801.8027586988,295801.80016393546
377.68424424424427,297138.0679195709,297138.065335548
378.78533533533533,298476.5726937861,298476.57012042997
379.88642642642645,299817.31506191025,299817.31249914767
380.9875175175175,301160.29301467206,301160.29046243045
382.08860860860864,302505.50455288764,302505.5020110953
383.1896996996997,303852.94768738386,303852.9451559696
384.2907907907908,305202.62043892336,305202.6179178168
385.3918818818819,306554.52083813073,306554.518327262
386.492972972973,307908.6469254181,307908.64442471834
387.59406406406407,309264.99675091286,309264.9942603135
388.6951551551552,310623.56837438553,310623.5658938188
389.79624624624626,311984.35986517806,311984.3573945769
390.8973373373374,313347.3693021335,313347.3668414313
391.99842842842844,314712.5947735257,314712.59232265665
393.09951951951956,316080.03437699063,316080.0319358894
394.2006106106106,317449.686219457,317449.683788059
395.3017017017017,318821.5484170792,318821.5459953203
396.4027927927928,320195.6190951696,320195.61668298644
397.5038838838839,321571.8963881319,321571.8939854615
398.604974974975,322950.3784393959,322950.3760461761
399.70606606606606,324331.06340135145,324331.0610175204
400.8071571571572,325713.9494352844,325713.947060781
401.90824824824824,327099.03471131244,327099.0323460761
403.00933933933936,328486.31740832183,328486.31505229254
404.1104304304304,329875.79571390443,329875.7933670227
405.21152152152155,331267.46782429615,331267.46548650303
406.3126126126126,332661.3319443147,332661.32961555175
407.41370370370373,334057.3862872993,334057.3839675087
408.5147947947948,335455.6290750498,335455.626764174
409.6158858858859,336856.0585377675,336856.0562357498
410.716976976977,338258.6729139954,338258.67062077957
411.8180680680681,339663.4704505602,339663.46816609026
412.91915915915916,341070.4494025136,341070.4471267342
414.0202502502503,342479.60803307535,342479.60576593166
415.12134134134135,343890.9446135756,343890.9423550133
416.22243243243247,345304.45742339944,345304.4551733647
417.32352352352353,346720.1447499301,346720.14250836946
418.42461461461465,348138.0048884943,348138.0026553548
419.5257057057057,349558.0361423067,349558.0339175359
420.62679679679684,350980.23682241625,350980.2346059622
421.7278878878879,352404.6052476518,352404.60303946293
422.82897897897897,353831.13974456943,353831.13754459453
423.9300700700701,355259.8386473987,355259.8364555873
425.03116116116115,356690.7002979914,356690.6981142931
426.1322522522523,358123.7230457688,358123.7208701339
427.23334334334334,359558.9052476705,359558.90308004967
428.33443443443446,360996.24526810413,360996.2431084484
429.4355255255255,362435.74147889385,362435.73932715476
430.53661661661664,363877.3922592315,363877.3901153609
431.6377077077077,365321.195995626,365321.1938595763
432.7387987987988,366767.15108185523,366767.1489535791
433.8398898898899,368215.25591891684,368215.2537983674
434.940980980981,369665.5089149803,369665.50680211105
436.0420720720721,371117.90848533885,371117.90638010367
437.1431631631632,372572.45305236266,372572.4509547159
438.24425425425426,374029.1410454515,374029.13895534794
439.3453453453454,375487.97090098873,375487.96881838335
440.44643643643644,376948.9410622946,376948.9389871429
441.54752752752756,378412.0499795813,378412.0479118391
442.6486186186186,379877.2961099073,379877.2940495307
443.74970970970975,381344.67791713274,381344.6758640784
444.8508008008008,382814.1938718745,382814.19182609924
445.95189189189193,384285.8424514631,384285.8404129242
447.052982982983,385759.6221398979,385759.62010855303
448.1540740740741,387235.5314278049,387235.529403612
449.2551651651652,388713.56881239306,388713.5667953104
450.3562562562563,390193.7327974122,390193.7307873985
451.45734734734737,391676.02189311065,391676.019890125
452.55843843843843,393160.43461619376,393160.4326201954
453.65952952952955,394646.9694897821,394646.96750073065
454.7606206206206,396135.62504337064,396135.62306122604
455.86171171171173,397626.399812788,397626.39783751074
456.9628028028028,399119.2923401561,399119.2903717067
458.0638938938939,400614.3011738503,400614.29921218974
459.164984984985,402111.4248684594,402111.4229135489
460.2660760760761,403610.66198474675,403610.66003654787
461.36716716716717,405112.01108961087,405112.0091480855
462.4682582582583,406615.4707560471,406615.4688211574
463.56934934934935,408121.03956310905,408121.0376348176
464.6704404404405,409628.71609587094,409628.7141741405
465.77153153153154,411138.4989453895,411138.49703018315
466.87262262262266,412650.38670866715,412650.38479994825
467.9737137137137,414164.37798861414,414164.37608634634
469.07480480480484,415680.47139401286,415680.46949816006
470.1758958958959,417198.6655394804,417198.663650007
471.276986986987,418718.9590454337,418718.95716230397
472.3780780780781,420241.35053805186,420241.3486612308
473.4791691691692,421765.83864924277,421765.8367786954
474.5802602602603,423292.4220166063,423292.4201522978
475.6813513513514,424821.0992834003,424821.09742529644
476.78244244244246,426351.8690985052,426351.86724657175
477.8835335335336,427884.7301163904,427884.72827059356
478.98462462462464,429419.68099707976,429419.6791573859
480.0857157157157,430956.7204061179,430956.71857249376
481.1868068068068,432495.84701453696,432495.8451869494
482.2878978978979,434037.0594988229,434037.057677239
483.388988988989,435580.35654088284,435580.35472527007
484.4900800800801,437125.7368280122,437125.7350183383
485.5911711711712,438673.1990528627,438673.1972490954
486.69226226226226,440222.7419134096,440222.7401155171
487.7933533533534,441774.3641129202,441774.36232087103
488.89444444444445,443328.0643599219,443328.0625736846
489.99553553553557,444883.8413681714,444883.8395877149
491.09662662662663,446441.6938566226,446441.692081916
492.19771771771775,448001.6205493967,448001.6187804093
493.2988088088088,449563.620175751,449563.6184124523
494.39989989989994,451127.6914700486,451127.6897124084
495.500990990991,452693.83317172824,452693.8314197167
496.6020820820821,454262.04402527463,454262.04227886174
497.7031731731732,455832.3227801883,455832.32103934477
498.8042642642643,457404.6681909567,457404.66645565315
499.90535535535537,458979.07901702466,458979.0772872319
501.0064464464465,460555.5540227655,460555.5522984548
502.10753753753755,462134.0919774522,462134.0902585948
503.2086286286287,463714.6916552293,463714.6899417967
504.30971971971974,465297.35183508374,465297.3501270477
505.41081081081086,466882.07130081777,466882.0695981502
506.5119019019019,468468.8488410204,468468.84714369354
507.612992992993,470057.6832490399,470057.68155702617
508.7140840840841,471648.573322957,471648.5716362288
509.81517517517517,473241.5178655565,473241.5161840868
510.9162662662663,474836.51568430173,474836.51400806324
512.0173573573574,476433.56559130584,476433.5639202719
513.1184484484485,478032.6664033075,478032.66473745136
514.2195395395396,479633.8169416428,479633.815280938
515.3206306306306,481237.0160322193,481237.01437663956
516.4217217217217,482842.26250549126,482842.2608550106
517.5228128128128,484449.55519643234,484449.55355102476
518.623903903904,486058.89294451085,486058.8913041506
519.724994994995,487670.2745936641,487670.27295832575
520.8260860860861,489283.6989922736,489283.6973619318
521.9271771771772,490899.16499313933,490899.1633677688
523.0282682682683,492516.67145345587,492516.6698330318
524.1293593593593,494136.2172347866,494136.21561928396
525.2304504504505,495757.8012030406,495757.7995924349
526.3315415415416,497381.42222844734,497381.42062271415
527.4326326326327,499007.07918553316,499007.077584648
528.5337237237237,500634.7709530968,500634.7693570357
529.6348148148148,502264.4964141868,502264.4948229257
530.735905905906,503896.2544560767,503896.25286959193
531.8369969969971,505530.04397024243,505530.04238851025
532.9380880880881,507165.86385233887,507165.8622753359
534.0391791791792,508803.713002177,508803.71142987994
535.1402702702703,510443.59032370104,510443.5887560867
536.2413613613613,512085.4947249653,512085.49316201074
537.3424524524524,513729.4251181126,513729.42355979496
538.4435435435436,515375.38041935087,515375.37886564765
539.5446346346347,517023.359548932,517023.3579998205
540.6457257257257,518673.3614311287,518673.35988658667
541.7468168168168,520325.38499421393,520325.38345421915
542.8479079079079,521979.42917043826,521979.4276349686
543.9489989989991,523635.4928960083,523635.491365042
545.0500900900901,525293.575111066,525293.5735845813
546.1511811811812,526953.6747596671,526953.6732376424
547.2522722722723,528615.7907897601,528615.7892721738
548.3533633633634,530279.9221531646,530279.9206399955
549.4544544544544,531946.0678055518,531946.0662967787
550.5555455455456,533614.2267064234,533614.2252020254
551.6566366366367,535284.3978190906,535284.3963190467
552.7577277277278,536956.5801106544,536956.5786149438
553.8588188188188,538630.7725519849,538630.7710605869
554.9599099099099,540306.9741177021,540306.9726305966
556.061001001001,541985.1837861552,541985.1823033217
557.1620920920922,543665.4005394031,543665.3990608214
558.2631831831832,545347.6233631949,545347.6218888448
559.3642742742743,547031.8512469504,547031.8497768121
560.4653653653654,548718.083183741,548718.0817177945
561.5664564564565,550406.3181702694,550406.3167084955
562.6675475475475,552096.5552068523,552096.553749231
563.7686386386387,553788.7932974002,553788.7918439124
564.8697297297298,555483.0314493992,555483.0300000255
565.9708208208208,557179.2686738916,557179.2672286128
567.0719119119119,558877.5039854583,558877.5025442555
568.173003003003,560577.7364022001,560577.7349650542
569.2740940940942,562279.9649457189,562279.9635126112
570.3751851851852,563984.1886411001,563984.187212012
571.4762762762763,565690.4065168948,565690.4050918078
572.5773673673674,567398.6176051014,567398.616183997
573.6784584584585,569108.8209411479,569108.8195240078
574.7795495495495,570821.015563874,570821.0141506802
575.8806406406406,572535.2005155149,572535.199106249
576.9817317317318,574251.3748416823,574251.3734363265
578.0828228228229,575969.5375913475,575969.5361898841
579.1839139139139,577689.6878168248,577689.6864192358
580.285005005005,579411.8245737547,579411.8231800228
581.3860960960961,581135.9469210851,581135.9455311927
582.4871871871873,582862.0539210573,582862.0525349869
583.5882782782783,584590.1446391863,584590.1432569209
584.6893693693694,586320.2181442473,586320.2167657694
585.7904604604605,588052.2735082564,588052.2721335491
586.8915515515516,589786.3098064559,589786.3084355021
587.9926426426426,591522.3261172972,591522.3247500804
589.0937337337338,593260.3215224261,593260.3201589293
590.1948248248249,595000.2951066651,595000.2937468718
591.295915915916,596742.245957998,596742.2446018915
592.397007007007,598486.1731675541,598486.1718151182
593.4980980980981,600232.0758295935,600232.0744808117
594.5991891891892,601979.9530414894,601979.9516963455
595.7002802802803,603729.8039037145,603729.8025621924
596.8013713713714,605481.6275198248,605481.6261819087
597.9024624624625,607235.4229964446,607235.4216621183
599.0035535535536,608991.1894432504,608991.1881124983
600.1046446446446,610748.9259729568,610748.924645763
601.2057357357357,612508.6317013019,612508.6303776508
602.3068268268269,614270.3057470307,614270.304426907
603.407917917918,616033.9472318819,616033.9459152699
604.509009009009,617799.5552805725,617799.5539674569
605.6101001001001,619567.1290207831,619567.1277111488
606.7111911911912,621336.6675831443,621336.6662769759
607.8122822822824,623108.1701012203,623108.1687985031
608.9133733733734,624881.635711497,624881.6344122159
610.0144644644645,626657.0635533667,626657.0622575067
611.1155555555556,628434.452769113,628434.4514766594
612.2166466466467,630213.8025038986,630213.8012148367
613.3177377377377,631995.1119057495,631995.1106200647
614.4188288288289,633778.3801255432,633778.378843221
615.51991991992,635563.6063169931,635563.605038019
616.6210110110111,637350.7896366355,637350.7883609952
617.7221021021021,639139.929243816,639139.9279714951
618.8231931931932,640931.0243006767,640931.0230316612
619.9242842842843,642724.073972141,642724.072706417
621.0253753753753,644519.0774259026,644519.0761634557
622.1264664664665,646316.0338324102,646316.0325732267
623.2275575575576,648114.9423648556,648114.9411089217
624.3286486486487,649915.8021991599,649915.8009464616
625.4297397397397,651718.6125139607,651718.6112644847
626.5308308308308,653523.3724906,653523.3712443325
627.631921921922,655330.0813131101,655330.0800700374
628.7330130130131,657138.7381682013,657138.7369283104
629.8341041041041,658949.3422452497,658949.3410085267
630.9351951951952,660761.8927362843,660761.8915027166
632.0362862862863,662576.3888359743,662576.3876055483
633.1373773773774,664392.8297416168,664392.8285143194
634.2384684684685,666211.2146531243,666211.2134289425
635.3395595595596,668031.5427730134,668031.5415519343
636.4406506506507,669853.8133063911,669853.8120884016
637.5417417417418,671678.0254609435,671678.024246031
638.6428328328328,673504.1784469234,673504.177235075
639.743923923924,675332.2714771396,675332.2702683427
640.8450150150151,677162.3037669429,677162.302561185
641.9461061061062,678994.2745342158,678994.2733314843
643.0471971971972,680828.1829993603,680828.1817996429
644.1482882882883,682664.0283852866,682664.0271885708
645.2493793793794,684501.8099174006,684501.808723674
646.3504704704706,686341.5268235931,686341.5256328436
647.4515615615616,688183.1783342281,688183.1771464435
648.5526526526527,690026.763682132,690026.7624973002
649.6537437437438,691872.2821025811,691872.28092069
650.7548348348348,693719.7328332909,693719.7316543288
651.8559259259259,695569.1151144062,695569.1139383609
652.957017017017,697420.4281884874,697420.4270153473
654.0581081081082,699273.6713005016,699273.6701302547
655.1591991991992,701128.8436978105,701128.8425304454
656.2602902902903,702985.9446301608,702985.9434656657
657.3613813813814,704844.9733496713,704844.9721880349
658.4624724724725,706705.9291108241,706705.9279520345
659.5635635635635,708568.8111704523,708568.8100144983
660.6646546546547,710433.6187877309,710433.6176346011
661.7657457457458,712300.351224165,712300.3500738482
662.8668368368369,714169.0077435797,714169.0065960645
663.9679279279279,716039.5876121095,716039.586467385
665.069019019019,717912.0900981887,717912.0889562437
666.1701101101102,719786.5144725399,719786.5133333631
667.2712012012013,721662.8600081641,721662.8588717447
668.3722922922923,723541.125980331,723541.124846658
669.4733833833834,725421.3116665685,725421.3105356313
670.5744744744745,727303.4163466528,727303.4152184402
671.6755655655656,729187.4393025974,729187.438177099
672.7766566566567,731073.3798186445,731073.3786958494
673.8777477477478,732961.2371812549,732961.2360611525
674.9788388388389,734851.010679097,734851.0095616768
676.07992992993,736742.6996030381,736742.6984882897
677.181021021021,738636.3032461345,738636.3021340473
678.2821121121121,740531.8209036215,740531.8197941851
679.3832032032033,742429.2518729041,742429.2507661083
680.4842942942943,744328.595453547,744328.5943493814
681.5853853853854,746229.8509472656,746229.8498457199
682.6864764764765,748133.0176579164,748133.0165589806
683.7875675675676,750038.0948914875,750038.0937951514
684.8886586586586,751945.0819560889,751945.0808623425
685.9897497497498,753853.9781619444,753853.9770707777
687.0908408408409,755764.7828213811,755764.7817327841
688.191931931932,757677.4952488206,757677.4941627835
689.293023023023,759592.1147607702,759592.113677283
690.3941141141141,761508.6406758138,761508.6395948667
691.4952052052053,763427.0723146023,763427.0712361857
692.5962962962964,765347.4089998454,765347.4079239495
693.6973873873874,767269.6500563017,767269.648982917
694.7984784784785,769193.7948107715,769193.7937398882
695.8995695695696,771119.8425920858,771119.8415236947
697.0006606606607,773047.7927310995,773047.791665191
698.1017517517517,774977.6445606814,774977.6434972461
699.2028428428429,776909.3974157067,776909.3963547349
700.303933933934,778843.0506330464,778843.0495745292
701.4050250250251,780778.6035515616,780778.6024954894
702.5061161161161,782716.0555120921,782716.0544584558
703.6072072072072,784655.40585745,784655.4048062405
704.7082982982984,786596.6539324105,786596.6528836185
705.8093893893894,788539.799083703,788539.7980373196
706.9104804804805,790484.8406600043,790484.8396160203
708.0115715715716,792431.7780119284,792431.776970335
709.1126626626627,794380.61049202,794380.609452808
710.2137537537537,796331.3374547448,796331.3364179054
711.3148448448449,798283.958256483,798283.9572220076
712.415935935936,800238.4722555198,800238.4712233995
713.5170270270271,802194.8788120381,802194.8777822639
714.6181181181181,804153.1772881098,804153.1762606731
715.7192092092092,806113.3670476892,806113.3660225812
716.8203003003003,808075.4474566035,808075.446433816
717.9213913913915,810039.4178825461,810039.4168620702
719.0224824824825,812005.2776950679,812005.2766768952
720.1235735735736,813973.0262655707,813973.0252496925
721.2246646646647,815942.662967298,815942.6619537062
722.3257557557558,817914.1871753283,817914.1861640143
723.4268468468468,819887.5982665671,819887.5972575226
724.527937937938,821862.8956197399,821862.8946129563
725.6290290290291,823840.0786153834,823840.0776108528
726.7301201201202,825819.146635839,825819.1456335532
727.8312112112112,827800.099065245,827800.0980651956
728.9323023023023,829782.9352895296,829782.9342917085
730.0333933933935,831767.654696402,831767.6537008011
731.1344844844846,833754.2566753475,833754.2556819586
732.2355755755756,835742.7406176175,835742.7396264328
733.3366666666667,837733.1059162245,837733.104927236
734.4377577577578,839725.3519659332,839725.3509791328
735.5388488488488,841719.4781632543,841719.4771786344
736.63993993994,843715.4839064374,843715.4829239899
737.7410310310311,845713.3685954626,845713.3676151797
738.8421221221222,847713.1316320352,847713.1306539092
739.9432132132132,849714.7724195768,849714.7714435998
741.0443043043043,851718.2903632205,851718.2893893849
742.1453953953954,853723.6848698017,853723.6838980999
743.2464864864866,855730.9553478527,855730.9543782771
744.3475775775776,857740.1012075949,857740.1002401377
745.4486686686687,859751.1218609327,859751.1208955864
746.5497597597598,861764.0167214462,861764.0157582033
747.6508508508509,863778.7852043842,863778.7842432376
748.7519419419419,865795.4267266581,865795.4257676
749.8530330330331,867813.9407068351,867813.9397498581
750.9541241241242,869834.326565131,869834.3256102278
752.0552152152153,871856.5837234036,871856.5827705668
753.1563063063063,873880.7116051464,873880.7106543689
754.2573973973974,875906.7096354828,875906.7086867571
755.3584884884885,877934.577241158,877934.576294477
756.4595795795797,879964.3138505332,879964.3129058897
757.5606706706707,881995.9188935794,881995.9179509664
758.6617617617618,884029.3918018712,884029.3908612815
759.7628528528529,886064.7320085794,886064.7310700058
760.863943943944,888101.9389484654,888101.9380119009
761.965035035035,890141.0120578744,890141.0111233119
763.0661261261262,892181.95077473,892181.9498421627
764.1672172172173,894224.7545385268,894224.7536079476
765.2683083083083,896269.4227903247,896269.421861727
766.3693993993994,898315.9549727435,898315.9540461203
767.4704904904905,900364.350529955,900364.3496052994
768.5715815815817,902414.6089076784,902414.6079849835
769.6726726726727,904466.7295531728,904466.728632432
770.7737637637638,906520.7119152334,906520.7109964397
771.8748548548549,908576.5554441825,908576.5545273295
772.975945945946,910634.259591866,910634.2586769469
774.077037037037,912693.8238116459,912693.8228986538
775.1781281281282,914755.2475583951,914755.2466473238
776.2792192192193,916818.5302884919,916818.5293793345
777.3803103103104,918883.6714598121,918883.6705525623
778.4814014014014,920950.6705317256,920950.6696263768
779.5824924924925,923019.5269650896,923019.5260616353
780.6835835835836,925090.2402222423,925090.2393206761
781.7846746746748,927162.8097669979,927162.8088673133
782.8857657657658,929237.2350646402,929237.2341668307
783.9868568568569,931313.5155819177,931313.514685977
785.087947947948,933391.6507870373,933391.6498929592
786.1890390390391,935471.6401496587,935471.6392574369
787.2901301301301,937553.4831408889,937553.482250517
788.3912212212213,939637.1792332773,939637.178344749
789.4923123123124,941722.7279008088,941722.727014118
790.5934034034034,943810.128618899,943810.1277340396
791.6944944944945,945899.3808643894,945899.379981355
792.7955855855856,947990.4841155402,947990.483234325
793.8966766766767,950083.4378520265,950083.4369726243
794.9977677677678,952178.241554932,952178.2406773365
796.0988588588589,954274.8947067441,954274.8938309494
797.19994994995,956373.3967913481,956373.3959173482
798.3010410410411,958473.747294022,958473.7464218109
799.4021321321321,960575.9457014313,960575.9448310031
800.5032232232232,962679.9915016238,962679.9906329723
801.6043143143144,964785.8841840242,964785.8833171438
802.7054054054055,966893.6232394285,966893.6223743134
803.8064964964965,969003.2081599995,969003.2072966435
804.9075875875876,971114.6384392617,971114.6375776592
806.0086786786787,973227.9135720952,973227.9127122405
807.1097697697699,975343.0330547312,975343.0321966184
808.2108608608609,977459.9963847469,977459.9955283701
809.311951951952,979578.8030610606,979578.8022064145
810.4130430430431,981699.4525839263,981699.4517310049
811.5141341341342,983821.9444549284,983821.9436037262
812.6152252252252,985946.2781769774,985946.2773274888
813.7163163163164,988072.4532543054,988072.4524065246
814.8174074074075,990200.4691924591,990200.4683463805
815.9184984984986,992330.3254982968,992330.3246539149
817.0195895895896,994462.0216799825,994462.0208372918
818.1206806806807,996595.5572469822,996595.5564059771
819.2217717717718,998730.9317100572,998730.9308707325
820.3228628628628,1000868.1445812609,1000868.1437436108
821.423953953954,1003007.1953739338,1003007.194537953
822.5250450450451,1005148.0836026972,1005148.0827683804
823.6261361361362,1007290.8087834504,1007290.8079507923
824.7272272272272,1009435.370433365,1009435.3696023598
825.8283183183183,1011581.7680708802,1011581.767241523
826.9294094094095,1013730.0012156985,1013730.0003879837
828.0305005005006,1015880.0693887803,1015880.0685627027
829.1315915915916,1018031.9721123398,1018031.9712878942
830.2326826826827,1020185.708909841,1020185.7080870223
831.3337737737738,1022341.279305992,1022341.2784847947
832.434864864865,1024498.6828267402,1024498.6820071592
833.535955955956,1026657.9189992693,1026657.9181812995
834.6370470470471,1028818.9873519936,1028818.9865356298
835.7381381381382,1030981.8874145538,1030981.8865997909
836.8392292292293,1033146.6187178122,1033146.6179046452
837.9403203203203,1035313.1807938485,1035313.1799822721
839.0414114114114,1037481.5731759559,1037481.5723659651
840.1425025025026,1039651.7953986357,1039651.7945902256
841.2435935935937,1041823.8469975934,1041823.846190759
842.3446846846847,1043997.7275097339,1043997.7267044701
843.4457757757758,1046173.4364731587,1046173.4356694605
844.5468668668669,1048350.973427159,1048350.9726250215
845.6479579579579,1050530.3379122135,1050530.3371116316
846.7490490490491,1052711.5294699832,1052711.5286709522
847.8501401401402,1054894.5476433071,1054894.5468458221
848.9512312312313,1057079.3919761986,1057079.391180255
850.0523223223223,1059266.06201384,1059266.0612194329
851.1534134134134,1061454.5573025802,1061454.5565097043
852.2545045045046,1063644.8773899283,1063644.8765985793
853.3555955955957,1065837.0218245515,1065837.0210347243
854.4566866866867,1068030.9901562685,1068030.9893679584
855.5577777777778,1070226.7819360485,1070226.7811492512
856.6588688688689,1072424.3967160045,1072424.395930715
857.75995995996,1074623.8340493902,1074623.8332656035
858.861051051051,1076825.0934905957,1076825.0927083073
859.9621421421422,1079028.1745951439,1079028.1738143493
861.0632332332333,1081233.0769196863,1081233.076140381
862.1643243243244,1083439.8000219984,1083439.7992441773
863.2654154154154,1085648.3434609752,1085648.3426846343
864.3665065065065,1087858.706796631,1087858.7060217652
865.4675975975977,1090070.8895900894,1090070.8888166945
866.5686886886888,1092284.8914035845,1092284.8906316557
867.6697797797798,1094500.7118004537,1094500.7110299866
868.7708708708709,1096718.3503451366,1096718.3495761268
869.871961961962,1098937.8066031681,1098937.8058356114
870.9730530530531,1101159.0801411772,1101159.0793750687
872.0741441441442,1103382.170526881,1103382.1697622165
873.1752352352353,1105607.0773290829,1105607.0765658575
874.2763263263264,1107833.8001176666,1107833.7993558764
875.3774174174174,1110062.338463594,1110062.3377032345
876.4785085085085,1112292.691938901,1112292.6911799682
877.5795995995996,1114524.8601166934,1114524.8593591824
878.6806906906908,1116758.8425711435,1116758.8418150502
879.7817817817818,1118994.6388774852,1118994.6381228052
880.8828728728729,1121232.2486120132,1121232.2478587423
881.983963963964,1123471.6713520754,1123471.6706002094
883.0850550550551,1125712.9066760726,1125712.9059256073
884.1861461461461,1127955.9541634524,1127955.9534143833
885.2872372372373,1130200.8133947079,1130200.8126470307
886.3883283283284,1132447.4839513714,1132447.4832050821
887.4894194194195,1134695.9654160128,1134695.9646711075
888.5905105105105,1136946.2573722354,1136946.2566287096
889.6916016016016,1139198.3594046724,1139198.3586625222
890.7926926926928,1141452.2710989828,1141452.270358204
891.8937837837839,1143707.9920418488,1143707.991302437
892.9948748748749,1145965.5218209706,1145965.5210829221
894.095965965966,1148224.860025066,1148224.8592883763
895.1970570570571,1150486.0062438631,1150486.0055085288
896.2981481481482,1152748.9600680997,1152748.9593341162
897.3992392392393,1155013.721089518,1155013.7203568812
898.5003303303304,1157280.2889008627,1157280.2881695689
899.6014214214215,1159548.663095876,1159548.6623659215
900.7025125125126,1161818.8432692962,1161818.8425406762
901.8036036036036,1164090.8290168513,1164090.8282895626
902.9046946946947,1166364.619935259,1166364.6192092975
904.0057857857859,1168640.2156222211,1168640.2148975825
905.1068768768769,1170917.6156764198,1170917.6149531007
906.207967967968,1173196.8196975172,1173196.8189755136
907.3090590590591,1175477.827286149,1175477.8265654568
908.4101501501502,1177760.6380439217,1177760.637324537
909.5112412412412,1180045.2515734106,1180045.2508553294
910.6123323323324,1182331.6674781556,1182331.6667613748
911.7134234234235,1184619.8853626586,1184619.884647174
912.8145145145146,1186909.904832379,1186909.9041181866
913.9156056056056,1189201.725493731,1189201.7247808268
915.0166966966967,1191495.3469540814,1191495.3462424623
916.1177877877878,1193790.7688217454,1193790.7681114073
917.218878878879,1196087.990705983,1196087.9899969224
918.31996996997,1198387.012216997,1198387.0115092099
919.4210610610611,1200687.8329659286,1200687.8322594115
920.5221521521522,1202990.4525648556,1202990.4518596046
921.6232432432433,1205294.8706267881,1205294.8699227993
922.7243343343343,1207601.086765665,1207601.0860629354
923.8254254254255,1209909.1005963532,1209909.099894879
924.9265165165166,1212218.9117346422,1212218.9110344194
926.0276076076077,1214530.5197972418,1214530.519098267
927.1286986986987,1216843.9244017785,1216843.923704048
928.2297897897898,1219159.1251667938,1219159.1244703042
929.330880880881,1221476.12171174,1221476.1210164877
930.431971971972,1223794.9136569772,1223794.9129629584
931.5330630630631,1226115.500623771,1226115.4999309822
932.6341541541542,1228437.8822342888,1228437.881542727
933.7352452452453,1230762.0581115969,1230762.057421258
934.8363363363363,1233088.0278796575,1233088.0271905381
935.9374274274275,1235415.7911633267,1235415.7904754232
937.0385185185186,1237745.34758835,1237745.3469016592
938.1396096096097,1240076.6967813603,1240076.6960958787
939.2407007007007,1242409.8383698745,1242409.8376855988
940.3417917917918,1244744.7719822917,1244744.7712992183
941.4428828828829,1247081.497247889,1247081.496566014
942.5439739739741,1249420.0137968182,1249420.013116139
943.6450650650651,1251760.321260105,1251760.3205806178
944.7461561561562,1254102.4192696442,1254102.418591346
945.8472472472473,1256446.3074581984,1256446.306781085
946.9483383383384,1258791.985459393,1258791.9847834618
948.0494294294294,1261139.4529077155,1261139.4522329627
949.1505205205206,1263488.709438512,1263488.7087649347
950.2516116116117,1265839.7546879842,1265839.7540155787
951.3527027027028,1268192.5882931857,1268192.5876219491
952.4537937937938,1270547.2098920213,1270547.20922195
953.5548848848849,1272903.6191232435,1272903.6184543343
954.655975975976,1275261.8156264478,1275261.8149586977
955.7570670670672,1277621.7990420726,1277621.7983754782
956.8581581581582,1279983.569011395,1279983.5683459528
957.9592492492493,1282347.1251765287,1282347.1245122356
959.0603403403404,1284712.467180421,1284712.4665172738
960.1614314314314,1287079.5946668498,1287079.5940048457
961.2625225225225,1289448.507280422,1289448.506619557
962.3636136136137,1291819.2046665691,1291819.2040068407
963.4647047047048,1294191.686471546,1294191.685812951
964.5657957957958,1296565.952342428,1296565.951684963
965.6668868868869,1298942.001927108,1298942.00127077
966.767977977978,1301319.8348742942,1301319.83421908
967.8690690690692,1303699.4508335057,1303699.4501794123
968.9701601601602,1306080.8494550725,1306080.848802097
970.0712512512513,1308464.0303901325,1308464.029738271
971.1723423423424,1310848.9932906264,1310848.9926398767
972.2734334334335,1313235.7378092986,1313235.7371596573
973.3745245245245,1315624.2635996912,1315624.2629511552
974.4756156156157,1318014.5703161447,1318014.5696687112
975.5767067067068,1320406.6576137934,1320406.656967459
976.6777977977979,1322800.5251485626,1322800.5245033246
977.7788888888889,1325196.1725771676,1325196.171933023
978.87997997998,1327593.5995571113,1327593.5989140568
979.9810710710711,1329992.8057466792,1329992.8051047123
981.0821621621623,1332393.7908049396,1332393.7901640567
982.1832532532533,1334796.5543917394,1334796.5537519376
983.2843443443444,1337201.096167703,1337201.0955289798
984.3854354354355,1339607.4157942287,1339607.4151565807
985.4865265265266,1342015.5129334866,1342015.5122969116
986.5876176176176,1344425.3872484167,1344425.3866129112
987.6887087087088,1346837.0384027257,1346837.0377682871
988.7897997997999,1349250.4660608852,1349250.4654275107
989.8908908908909,1351665.6698881288,1351665.6692558147
990.991981981982,1354082.649550449,1354082.6489191935
992.0930730730731,1356501.404714598,1356501.4040843975
993.1941641641642,1358921.9350480803,1358921.934418932
994.2952552552553,1361344.2402191549,1361344.239591056
995.3963463463464,1363768.3198968302,1363768.3192697784
996.4974374374375,1366194.1737508632,1366194.1731248552
997.5985285285286,1368621.8014517557,1368621.8008267886
998.6996196196196,1371051.202670753,1371051.2020468244
999.8007107107107,1373482.3770798424,1373482.3764569492
1000.9018018018019,1375915.324351748,1375915.3237298878
1002.002892892893,1378350.0441599318,1378350.0435391013
1003.103983983984,1380786.5361785884,1380786.5355587853
1004.2050750750751,1383224.8000826456,1383224.7994638672
1005.3061661661662,1385664.83554776,1385664.8349300027
1006.4072572572574,1388106.6422503146,1388106.6416335767
1007.5083483483484,1390550.2198674183,1390550.219251697
1008.6094394394395,1392995.568076903,1392995.567462195
1009.7105305305306,1395442.68655732,1395442.685943623
1010.8116216216217,1397891.5749879398,1397891.5743752506
1011.9127127127127,1400342.2330487473,1400342.2324370642
1013.0138038038039,1402794.6604204436,1402794.659809763
1014.114894894895,1405248.8567844394,1405248.8561747593
1015.215985985986,1407704.8218228556,1407704.821214173
1016.3170770770771,1410162.5552185203,1410162.5546108328
1017.4181681681682,1412622.0566549662,1412622.056048271
1018.5192592592593,1415083.3258164297,1415083.325210724
1019.6203503503503,1417546.3623878465,1417546.361783128
1020.7214414414415,1420011.1660548523,1420011.1654511183
1021.8225325325326,1422477.7365037785,1422477.7359010265
1022.9236236236237,1424946.0734216508,1424946.0728198779
1024.0247147147147,1427416.1764961865,1427416.1758953906
1025.1258058058058,1429888.0454157947,1429888.0448159731
1026.226896896897,1432361.6798695703,1432361.6792707203
1027.327987987988,1434837.0795472956,1434837.0789494147
1028.4290790790792,1437314.2441394355,1437314.2435425213
1029.5301701701703,1439793.173337137,1439793.172741187
1030.6312612612612,1442273.8668322265,1442273.866237238
1031.7323523523523,1444756.3243172092,1444756.3237231798
1032.8334434434435,1447240.545485264,1447240.544892191
1033.9345345345346,1449726.5300302436,1449726.5294381247
1035.0356256256257,1452214.2776466724,1452214.2770555054
1036.1367167167168,1454703.7880297445,1454703.7874395265
1037.237807807808,1457195.0608753203,1457195.060286049
1038.338898898899,1459688.095879926,1459688.0952915992
1039.43998998999,1462182.8927407512,1462182.892153366
1040.541081081081,1464679.4511556467,1464679.4505692008
1041.6421721721722,1467177.7708231227,1467177.770237614
1042.7432632632633,1469677.8514423463,1469677.8508577717
1043.8443543543544,1472179.6927131398,1472179.6921294976
1044.9454454454456,1474683.2943359795,1474683.293753267
1046.0465365365367,1477188.6560119928,1477188.6554302075
1047.1476276276276,1479695.777442955,1479695.776862095
1048.2487187187187,1482204.6583312924,1482204.657751355
1049.3498098098098,1484715.298380074,1484715.2978010566
1050.450900900901,1487227.6972930126,1487227.6967149132
1051.551991991992,1489741.8547744635,1489741.8541972798
1052.6530830830832,1492257.7705294215,1492257.7699531508
1053.7541741741743,1494775.444263519,1494775.443688159
1054.8552652652654,1497294.8756830248,1497294.8751085736
1055.9563563563563,1499816.0644948406,1499816.0639212956
1057.0574474474474,1502339.0104065025,1502339.0098338614
1058.1585385385386,1504863.7131261749,1504863.7125544355
1059.2596296296297,1507390.1723626512,1507390.1717918112
1060.3607207207208,1509918.3878253514,1509918.3872554083
1061.461811811812,1512448.35922432,1512448.3586552716
1062.562902902903,1514980.0862702248,1514980.085702069
1063.6639939939942,1517513.5686743536,1517513.5681070886
1064.765085085085,1520048.8061486147,1520048.8055822372
1065.8661761761762,1522585.798405533,1522585.7978400413
1066.9672672672673,1525124.5451582486,1525124.5445936406
1068.0683583583584,1527665.0461205158,1527665.0455567895
1069.1694494494495,1530207.3010067008,1530207.3004438533
1070.2705405405407,1532751.3095317793,1532751.3089698087
1071.3716316316318,1535297.071411336,1535297.07085024
1072.4727227227227,1537844.5863615607,1537844.5858013374
1073.5738138138138,1540393.8540992504,1540393.8535398974
1074.674904904905,1542944.8743418027,1542944.873783318
1075.775995995996,1545497.6468072175,1545497.6462495988
1076.8770870870871,1548052.171214094,1548052.1706573388
1077.9781781781783,1550608.447281628,1550608.4467257347
1079.0792692692694,1553166.474729613,1553166.4741745794
1080.1803603603605,1555726.2532784352,1555726.252724259
1081.2814514514514,1558287.7826490735,1558287.7820957527
1082.3825425425425,1560851.062563099,1560851.0620106312
1083.4836336336336,1563416.0927426694,1563416.0921910526
1084.5847247247248,1565982.872910531,1565982.8723597631
1085.6858158158159,1568551.402790016,1568551.4022400947
1086.786906906907,1571121.6821050388,1571121.6815559624
1087.8879979979981,1573693.7105800982,1573693.710031864
1088.9890890890892,1576267.4879402714,1576267.487392878
1090.0901801801801,1578843.0139112154,1578843.0133646603
1091.1912712712713,1581420.2882191648,1581420.2876734461
1092.2923623623624,1583999.3105909287,1583999.3100460442
1093.3934534534535,1586580.0807538903,1586580.080209838
1094.4945445445446,1589162.5984360047,1589162.597892783
1095.5956356356357,1591746.8633657983,1591746.8628234046
1096.6967267267269,1594332.875272365,1594332.8747307975
1097.797817817818,1596920.6338853673,1596920.6333446237
1098.8989089089089,1599510.1389350311,1599510.1383951101
1100.0,1602101.39015215,1602101.3896130489
